timestamp,link_id,utilisation,delta_utilisation,queue_proxy
1776783313.914325,0000000000000004:1,0.000019,0.000000,0.000013
1776783313.914415,0000000000000004:2,0.000020,0.000000,0.000014
1776783313.914489,0000000000000004:3,0.000014,0.000000,0.000010
1776783313.915184,0000000000000001:1,0.000007,0.000000,0.000005
1776783313.915239,0000000000000001:2,0.000040,0.000000,0.000028
1776783313.915276,0000000000000001:3,0.000009,0.000000,0.000006
1776783313.915334,0000000000000003:1,0.000013,0.000000,0.000009
1776783313.915384,0000000000000003:2,0.000007,0.000000,0.000005
1776783313.915869,0000000000000002:1,0.000020,0.000000,0.000014
1776783313.915916,0000000000000002:2,0.000014,0.000000,0.000010
1776783314.915116,0000000000000004:1,0.000027,0.000008,0.000021
1776783314.915217,0000000000000004:2,0.000007,-0.000013,0.000005
1776783314.915262,0000000000000004:3,0.000020,0.000006,0.000016
1776783314.915598,0000000000000001:1,0.000020,0.000013,0.000018
1776783314.915642,0000000000000001:2,0.000014,-0.000026,0.000010
1776783314.915668,0000000000000001:3,0.000017,0.000008,0.000014
1776783314.915697,0000000000000003:1,0.000007,-0.000006,0.000005
1776783314.915729,0000000000000003:2,0.000020,0.000013,0.000018
1776783314.915879,0000000000000002:1,0.000007,-0.000013,0.000005
1776783314.915915,0000000000000002:2,0.000013,-0.000001,0.000009
1776783315.916907,0000000000000004:1,0.000000,-0.000027,0.000000
1776783315.917029,0000000000000004:2,0.000000,-0.000007,0.000000
1776783315.917103,0000000000000004:3,0.000000,-0.000020,0.000000
1776783315.917515,0000000000000003:1,0.000000,-0.000007,0.000000
1776783315.917565,0000000000000003:2,0.000000,-0.000020,0.000000
1776783315.917598,0000000000000001:1,0.000000,-0.000020,0.000000
1776783315.917629,0000000000000001:2,0.000000,-0.000014,0.000000
1776783315.917654,0000000000000001:3,0.000010,-0.000007,0.000007
1776783315.917803,0000000000000002:1,0.000000,-0.000007,0.000000
1776783315.917837,0000000000000002:2,0.000007,-0.000006,0.000005
1776783316.918670,0000000000000004:1,0.000000,0.000000,0.000000
1776783316.918750,0000000000000004:2,0.000000,0.000000,0.000000
1776783316.918782,0000000000000004:3,0.000000,0.000000,0.000000
1776783316.919022,0000000000000003:1,0.000000,0.000000,0.000000
1776783316.919067,0000000000000003:2,0.000000,0.000000,0.000000
1776783316.919111,0000000000000001:1,0.000000,0.000000,0.000000
1776783316.919137,0000000000000001:2,0.000000,0.000000,0.000000
1776783316.919162,0000000000000001:3,0.000000,-0.000010,0.000000
1776783316.919307,0000000000000002:1,0.000000,0.000000,0.000000
1776783316.919341,0000000000000002:2,0.000000,-0.000007,0.000000
1776783317.919122,0000000000000004:1,0.000000,0.000000,0.000000
1776783317.919233,0000000000000004:2,0.000000,0.000000,0.000000
1776783317.919286,0000000000000004:3,0.000000,0.000000,0.000000
1776783317.919702,0000000000000003:1,0.000006,0.000006,0.000006
1776783317.919770,0000000000000003:2,0.000000,0.000000,0.000000
1776783317.919809,0000000000000001:1,0.000006,0.000006,0.000006
1776783317.919837,0000000000000001:2,0.000000,0.000000,0.000000
1776783317.919862,0000000000000001:3,0.000000,0.000000,0.000000
1776783317.920010,0000000000000002:1,0.000006,0.000006,0.000006
1776783317.920044,0000000000000002:2,0.000000,0.000000,0.000000
1776783318.919323,0000000000000004:1,0.000007,0.000007,0.000007
1776783318.919417,0000000000000004:2,0.000006,0.000006,0.000006
1776783318.919480,0000000000000004:3,0.000006,0.000006,0.000006
1776783318.919786,0000000000000001:1,0.000000,-0.000006,0.000000
1776783318.919830,0000000000000001:2,0.000011,0.000011,0.000011
1776783318.919857,0000000000000001:3,0.000007,0.000007,0.000007
1776783318.919889,0000000000000003:1,0.000000,-0.000006,0.000000
1776783318.919917,0000000000000003:2,0.000006,0.000006,0.000006
1776783318.920067,0000000000000002:1,0.000000,-0.000006,0.000000
1776783318.920102,0000000000000002:2,0.000000,0.000000,0.000000
1776783319.921339,0000000000000004:1,0.000000,-0.000007,0.000000
1776783319.921466,0000000000000004:2,0.000000,-0.000006,0.000000
1776783319.921546,0000000000000004:3,0.000000,-0.000006,0.000000
1776783319.921871,0000000000000001:1,0.000000,0.000000,0.000000
1776783319.921926,0000000000000001:2,0.000000,-0.000011,0.000000
1776783319.921963,0000000000000001:3,0.000000,-0.000007,0.000000
1776783319.921994,0000000000000003:1,0.000000,0.000000,0.000000
1776783319.922020,0000000000000003:2,0.000000,-0.000006,0.000000
1776783319.922050,0000000000000002:1,0.000000,0.000000,0.000000
1776783319.922076,0000000000000002:2,0.000006,0.000006,0.000006
1776783320.921686,0000000000000004:1,0.000000,0.000000,0.000000
1776783320.921772,0000000000000004:2,0.000000,0.000000,0.000000
1776783320.921805,0000000000000004:3,0.000000,0.000000,0.000000
1776783320.922172,0000000000000003:1,0.000000,0.000000,0.000000
1776783320.922217,0000000000000003:2,0.000000,0.000000,0.000000
1776783320.922254,0000000000000001:1,0.000000,0.000000,0.000000
1776783320.922291,0000000000000001:2,0.000000,0.000000,0.000000
1776783320.922320,0000000000000001:3,0.000000,0.000000,0.000000
1776783320.922358,0000000000000002:1,0.000000,0.000000,0.000000
1776783320.922389,0000000000000002:2,0.000000,-0.000006,0.000000
1776783321.927318,0000000000000001:1,0.006842,0.006842,0.006842
1776783321.927377,0000000000000001:2,0.006764,0.006764,0.006764
1776783321.927397,0000000000000001:3,0.004609,0.004609,0.004609
1776783321.927829,0000000000000004:1,0.008832,0.008832,0.008832
1776783321.927855,0000000000000004:2,0.003559,0.003559,0.003559
1776783321.927877,0000000000000004:3,0.003480,0.003480,0.003480
1776783321.928009,0000000000000003:1,0.003367,0.003367,0.003367
1776783321.928033,0000000000000003:2,0.003361,0.003361,0.003361
1776783321.929432,0000000000000002:1,0.003529,0.003529,0.003529
1776783321.929471,0000000000000002:2,0.003365,0.003365,0.003365
1776783322.935277,0000000000000003:1,0.005521,0.002154,0.004511
1776783322.935338,0000000000000003:2,0.005384,0.002023,0.004376
1776783322.935596,0000000000000004:1,0.014230,0.005398,0.011580
1776783322.935634,0000000000000004:2,0.005505,0.001946,0.004437
1776783322.935652,0000000000000004:3,0.005408,0.001928,0.004364
1776783322.935956,0000000000000001:1,0.010866,0.004024,0.008814
1776783322.935981,0000000000000001:2,0.010887,0.004123,0.008858
1776783322.936000,0000000000000001:3,0.007245,0.002636,0.005862
1776783322.936890,0000000000000002:1,0.005470,0.001941,0.004411
1776783322.936917,0000000000000002:2,0.005383,0.002018,0.004373
1776783323.944144,0000000000000003:1,0.005219,-0.000302,0.003653
1776783323.944203,0000000000000003:2,0.005196,-0.000188,0.003637
1776783323.950054,0000000000000002:1,0.005177,-0.000293,0.003624
1776783323.950093,0000000000000002:2,0.005157,-0.000226,0.003610
1776783323.950411,0000000000000004:1,0.013676,-0.000554,0.009573
1776783323.950446,0000000000000004:2,0.005211,-0.000293,0.003648
1776783323.950471,0000000000000004:3,0.005254,-0.000153,0.003678
1776783323.950931,0000000000000001:1,0.010332,-0.000535,0.007232
1776783323.950959,0000000000000001:2,0.010315,-0.000572,0.007221
1776783323.950981,0000000000000001:3,0.006850,-0.000394,0.004795
1776783324.951654,0000000000000004:1,0.013347,-0.000329,0.009343
1776783324.951729,0000000000000004:2,0.005060,-0.000151,0.003542
1776783324.951751,0000000000000004:3,0.005067,-0.000187,0.003547
1776783324.955427,0000000000000001:1,0.009995,-0.000337,0.006996
1776783324.955477,0000000000000001:2,0.009861,-0.000455,0.006903
1776783324.955498,0000000000000001:3,0.006757,-0.000094,0.004730
1776783324.956251,0000000000000002:1,0.005056,-0.000121,0.003539
1776783324.956278,0000000000000002:2,0.004905,-0.000251,0.003434
1776783324.974607,0000000000000003:1,0.004809,-0.000409,0.003367
1776783324.974681,0000000000000003:2,0.004875,-0.000321,0.003412
1776783325.962382,0000000000000001:1,0.009185,-0.000810,0.006430
1776783325.962444,0000000000000001:2,0.009169,-0.000691,0.006419
1776783325.962468,0000000000000001:3,0.006149,-0.000608,0.004304
1776783325.962611,0000000000000002:1,0.004626,-0.000429,0.003238
1776783325.962636,0000000000000002:2,0.004574,-0.000331,0.003202
1776783325.963601,0000000000000004:1,0.012042,-0.001306,0.008429
1776783325.963629,0000000000000004:2,0.004612,-0.000448,0.003229
1776783325.963647,0000000000000004:3,0.004562,-0.000505,0.003194
1776783325.973431,0000000000000003:1,0.004621,-0.000189,0.003235
1776783325.973471,0000000000000003:2,0.004646,-0.000229,0.003252
1776783326.962189,0000000000000001:1,0.009803,0.000618,0.007047
1776783326.962245,0000000000000001:2,0.009965,0.000796,0.007215
1776783326.962265,0000000000000001:3,0.006581,0.000432,0.004736
1776783326.969408,0000000000000004:1,0.013002,0.000960,0.009389
1776783326.969445,0000000000000004:2,0.004931,0.000319,0.003547
1776783326.969469,0000000000000004:3,0.004944,0.000382,0.003575
1776783326.979466,0000000000000002:1,0.004804,0.000178,0.003417
1776783326.979499,0000000000000002:2,0.004841,0.000267,0.003469
1776783326.983833,0000000000000003:1,0.004882,0.000261,0.003495
1776783326.983864,0000000000000003:2,0.004877,0.000232,0.003484
1776783327.973641,0000000000000001:1,0.009743,-0.000060,0.006820
1776783327.973705,0000000000000001:2,0.009893,-0.000073,0.006925
1776783327.973726,0000000000000001:3,0.006555,-0.000026,0.004589
1776783327.981076,0000000000000004:1,0.013090,0.000089,0.009190
1776783327.981110,0000000000000004:2,0.004931,0.000000,0.003452
1776783327.981130,0000000000000004:3,0.004961,0.000017,0.003478
1776783327.991178,0000000000000002:1,0.004885,0.000081,0.003444
1776783327.991210,0000000000000002:2,0.004922,0.000081,0.003470
1776783327.991442,0000000000000003:1,0.004945,0.000064,0.003481
1776783327.991484,0000000000000003:2,0.004902,0.000025,0.003439
1776783328.982471,0000000000000001:1,0.010048,0.000305,0.007125
1776783328.982584,0000000000000001:2,0.010071,0.000179,0.007103
1776783328.982607,0000000000000001:3,0.006772,0.000217,0.004805
1776783328.991134,0000000000000004:1,0.013367,0.000277,0.009440
1776783328.991182,0000000000000004:2,0.005073,0.000142,0.003594
1776783328.991202,0000000000000004:3,0.005013,0.000052,0.003525
1776783329.003547,0000000000000003:1,0.004983,0.000038,0.003499
1776783329.003584,0000000000000003:2,0.005033,0.000131,0.003562
1776783329.004380,0000000000000002:1,0.005041,0.000155,0.003575
1776783329.004407,0000000000000002:2,0.004970,0.000048,0.003493
1776783329.990893,0000000000000001:1,0.010206,0.000157,0.007191
1776783329.990957,0000000000000001:2,0.010283,0.000212,0.007261
1776783329.990979,0000000000000001:3,0.006806,0.000034,0.004775
1776783329.994896,0000000000000004:1,0.013555,0.000188,0.009545
1776783329.994934,0000000000000004:2,0.005125,0.000052,0.003603
1776783329.994953,0000000000000004:3,0.005152,0.000139,0.003648
1776783330.010805,0000000000000002:1,0.005088,0.000047,0.003576
1776783330.010847,0000000000000002:2,0.005145,0.000175,0.003654
1776783330.015123,0000000000000003:1,0.005112,0.000129,0.003617
1776783330.015156,0000000000000003:2,0.005069,0.000036,0.003559
1776783331.007895,0000000000000001:1,0.009693,-0.000512,0.006785
1776783331.007980,0000000000000001:2,0.009753,-0.000530,0.006827
1776783331.008002,0000000000000001:3,0.006533,-0.000274,0.004573
1776783331.013880,0000000000000004:1,0.012970,-0.000585,0.009079
1776783331.013915,0000000000000004:2,0.004877,-0.000248,0.003414
1776783331.013934,0000000000000004:3,0.004887,-0.000265,0.003421
1776783331.018740,0000000000000002:1,0.004934,-0.000154,0.003454
1776783331.018773,0000000000000002:2,0.004937,-0.000208,0.003456
1776783331.021023,0000000000000003:1,0.004954,-0.000158,0.003468
1776783331.021052,0000000000000003:2,0.004937,-0.000132,0.003456
1776783331.997932,0000000000000001:1,0.010287,0.000593,0.007379
1776783331.997988,0000000000000001:2,0.010392,0.000639,0.007466
1776783331.998009,0000000000000001:3,0.006896,0.000364,0.004937
1776783332.028941,0000000000000002:1,0.004986,0.000052,0.003506
1776783332.029000,0000000000000002:2,0.005056,0.000118,0.003574
1776783332.034152,0000000000000004:1,0.013098,0.000129,0.009207
1776783332.034184,0000000000000004:2,0.004950,0.000073,0.003487
1776783332.034209,0000000000000004:3,0.004976,0.000089,0.003510
1776783332.035372,0000000000000003:1,0.004959,0.000005,0.003473
1776783332.035400,0000000000000003:2,0.005042,0.000105,0.003560
1776783333.005983,0000000000000001:1,0.009996,-0.000290,0.006997
1776783333.006043,0000000000000001:2,0.010079,-0.000313,0.007056
1776783333.006064,0000000000000001:3,0.006711,-0.000186,0.004698
1776783333.036579,0000000000000002:1,0.005022,0.000036,0.003526
1776783333.036632,0000000000000002:2,0.005032,-0.000024,0.003522
1776783333.040486,0000000000000003:1,0.005034,0.000076,0.003547
1776783333.040519,0000000000000003:2,0.005044,0.000003,0.003532
1776783333.045741,0000000000000004:1,0.013348,0.000250,0.009419
1776783333.045775,0000000000000004:2,0.005029,0.000079,0.003544
1776783333.045794,0000000000000004:3,0.005019,0.000043,0.003526
1776783334.009214,0000000000000001:1,0.010185,0.000189,0.007186
1776783334.009289,0000000000000001:2,0.010228,0.000149,0.007204
1776783334.009310,0000000000000001:3,0.006805,0.000095,0.004792
1776783334.052135,0000000000000002:1,0.004973,-0.000049,0.003481
1776783334.052192,0000000000000002:2,0.004993,-0.000039,0.003495
1776783334.053095,0000000000000003:1,0.004997,-0.000037,0.003498
1776783334.053122,0000000000000003:2,0.004997,-0.000047,0.003498
1776783334.056744,0000000000000004:1,0.013311,-0.000037,0.009318
1776783334.056777,0000000000000004:2,0.005015,-0.000014,0.003511
1776783334.056798,0000000000000004:3,0.005015,-0.000004,0.003511
1776783335.020061,0000000000000004:1,0.014250,0.000938,0.010256
1776783335.020121,0000000000000004:2,0.005364,0.000349,0.003860
1776783335.020141,0000000000000004:3,0.005375,0.000360,0.003870
1776783335.030852,0000000000000001:1,0.009741,-0.000443,0.006819
1776783335.030899,0000000000000001:2,0.009808,-0.000421,0.006865
1776783335.030920,0000000000000001:3,0.006530,-0.000276,0.004571
1776783335.092784,0000000000000002:1,0.004840,-0.000133,0.003388
1776783335.092856,0000000000000002:2,0.004740,-0.000253,0.003318
1776783335.094994,0000000000000003:1,0.004850,-0.000147,0.003395
1776783335.095023,0000000000000003:2,0.004718,-0.000279,0.003303
1776783336.023080,0000000000000004:1,0.012680,-0.001569,0.008876
1776783336.023137,0000000000000004:2,0.004790,-0.000574,0.003353
1776783336.023157,0000000000000004:3,0.004794,-0.000581,0.003356
1776783336.027188,0000000000000001:1,0.009722,-0.000019,0.006806
1776783336.027221,0000000000000001:2,0.009780,-0.000028,0.006846
1776783336.027244,0000000000000001:3,0.006493,-0.000037,0.004545
1776783336.081194,0000000000000003:1,0.004858,0.000008,0.003403
1776783336.081263,0000000000000003:2,0.004858,0.000140,0.003443
1776783336.081959,0000000000000002:1,0.004864,0.000024,0.003412
1776783336.081991,0000000000000002:2,0.004878,0.000138,0.003456
1776783337.037336,0000000000000004:1,0.012938,0.000257,0.009133
1776783337.037402,0000000000000004:2,0.004863,0.000073,0.003426
1776783337.037422,0000000000000004:3,0.004880,0.000086,0.003442
1776783337.042181,0000000000000001:1,0.009656,-0.000066,0.006759
1776783337.042216,0000000000000001:2,0.009686,-0.000094,0.006780
1776783337.042238,0000000000000001:3,0.006484,-0.000009,0.004539
1776783337.102311,0000000000000002:1,0.004824,-0.000040,0.003377
1776783337.102369,0000000000000002:2,0.004804,-0.000074,0.003363
1776783337.107077,0000000000000003:1,0.004805,-0.000054,0.003363
1776783337.107167,0000000000000003:2,0.004824,-0.000034,0.003377
1776783338.033153,0000000000000004:1,0.012714,-0.000224,0.008900
1776783338.033214,0000000000000004:2,0.004812,-0.000052,0.003368
1776783338.033235,0000000000000004:3,0.004788,-0.000092,0.003352
1776783338.041099,0000000000000001:1,0.009559,-0.000097,0.006692
1776783338.041134,0000000000000001:2,0.009607,-0.000080,0.006725
1776783338.041153,0000000000000001:3,0.006400,-0.000084,0.004480
1776783338.095659,0000000000000002:1,0.004810,-0.000014,0.003367
1776783338.095727,0000000000000002:2,0.004823,0.000019,0.003382
1776783338.096510,0000000000000003:1,0.004829,0.000024,0.003387
1776783338.096544,0000000000000003:2,0.004809,-0.000015,0.003366
1776783339.044863,0000000000000004:1,0.012952,0.000239,0.009138
1776783339.044923,0000000000000004:2,0.004862,0.000051,0.003419
1776783339.044944,0000000000000004:3,0.004892,0.000104,0.003456
1776783339.049208,0000000000000001:1,0.009696,0.000136,0.006828
1776783339.049241,0000000000000001:2,0.009746,0.000139,0.006864
1776783339.049269,0000000000000001:3,0.006484,0.000084,0.004564
1776783339.106532,0000000000000002:1,0.004850,0.000040,0.003407
1776783339.106599,0000000000000002:2,0.004850,0.000026,0.003402
1776783339.107694,0000000000000003:1,0.004835,0.000006,0.003386
1776783339.107726,0000000000000003:2,0.004841,0.000033,0.003399
1776783340.056415,0000000000000001:1,0.009374,-0.000322,0.006562
1776783340.056487,0000000000000001:2,0.009407,-0.000339,0.006585
1776783340.056508,0000000000000001:3,0.006285,-0.000199,0.004399
1776783340.056906,0000000000000004:1,0.012435,-0.000518,0.008704
1776783340.056933,0000000000000004:2,0.004715,-0.000148,0.003300
1776783340.056953,0000000000000004:3,0.004648,-0.000244,0.003254
1776783340.123324,0000000000000003:1,0.004675,-0.000160,0.003272
1776783340.123381,0000000000000003:2,0.004698,-0.000144,0.003288
1776783340.127296,0000000000000002:1,0.004635,-0.000215,0.003244
1776783340.127330,0000000000000002:2,0.004638,-0.000211,0.003247
1776783341.066816,0000000000000004:1,0.115445,0.103010,0.111714
1776783341.066876,0000000000000004:2,0.004852,0.000137,0.003438
1776783341.066897,0000000000000004:3,0.004834,0.000186,0.003440
1776783341.071039,0000000000000001:1,0.009600,0.000226,0.006788
1776783341.071071,0000000000000001:2,0.164535,0.155128,0.161713
1776783341.071090,0000000000000001:3,0.006407,0.000122,0.004522
1776783341.127007,0000000000000002:1,0.004927,0.000293,0.003537
1776783341.127051,0000000000000002:2,0.083348,0.078710,0.081956
1776783341.127962,0000000000000003:1,0.004842,0.000167,0.003439
1776783341.127989,0000000000000003:2,0.004833,0.000135,0.003424
1776783342.074764,0000000000000004:1,0.150458,0.035013,0.115825
1776783342.074825,0000000000000004:2,0.005124,0.000272,0.003668
1776783342.074846,0000000000000004:3,0.005107,0.000273,0.003657
1776783342.074997,0000000000000001:1,0.010204,0.000604,0.007324
1776783342.075022,0000000000000001:2,0.216187,0.051652,0.166827
1776783342.075040,0000000000000001:3,0.006862,0.000455,0.004940
1776783342.130265,0000000000000003:1,0.005159,0.000317,0.003707
1776783342.130309,0000000000000003:2,0.005155,0.000322,0.003705
1776783342.130813,0000000000000002:1,0.005128,0.000201,0.003650
1776783342.130841,0000000000000002:2,0.107996,0.024648,0.082991
1776783343.081814,0000000000000004:1,0.150915,0.000457,0.105777
1776783343.081878,0000000000000004:2,0.005168,0.000045,0.003631
1776783343.081906,0000000000000004:3,0.005192,0.000085,0.003659
1776783343.087114,0000000000000001:1,0.010258,0.000054,0.007197
1776783343.128695,0000000000000001:2,0.206737,-0.009450,0.144716
1776783343.128772,0000000000000001:3,0.006603,-0.000259,0.004622
1776783343.186020,0000000000000002:1,0.004936,-0.000192,0.003455
1776783343.186076,0000000000000002:2,0.103183,-0.004813,0.072228
1776783343.186104,0000000000000003:1,0.004888,-0.000271,0.003422
1776783343.186123,0000000000000003:2,0.004891,-0.000263,0.003424
1776783344.089261,0000000000000004:1,0.149942,-0.000973,0.104959
1776783344.089316,0000000000000004:2,0.004913,-0.000255,0.003439
1776783344.089336,0000000000000004:3,0.004905,-0.000287,0.003433
1776783344.089491,0000000000000001:1,0.009818,-0.000440,0.006873
1776783344.089518,0000000000000001:2,0.225432,0.018695,0.163411
1776783344.089537,0000000000000001:3,0.006831,0.000228,0.004850
1776783344.146904,0000000000000002:1,0.005123,0.000187,0.003642
1776783344.146960,0000000000000002:2,0.112711,0.009529,0.081756
1776783344.147368,0000000000000003:1,0.005138,0.000250,0.003672
1776783344.147395,0000000000000003:2,0.005135,0.000243,0.003667
1776783345.096947,0000000000000001:1,0.010292,0.000474,0.007347
1776783345.097003,0000000000000001:2,0.215673,-0.009759,0.150971
1776783345.097024,0000000000000001:3,0.006941,0.000110,0.004892
1776783345.097432,0000000000000004:1,0.150776,0.000834,0.105793
1776783345.097472,0000000000000004:2,0.005166,0.000253,0.003692
1776783345.097493,0000000000000004:3,0.005166,0.000261,0.003694
1776783345.153757,0000000000000002:1,0.005166,0.000043,0.003629
1776783345.153815,0000000000000002:2,0.108021,-0.004690,0.075615
1776783345.154532,0000000000000003:1,0.005161,0.000023,0.003619
1776783345.154559,0000000000000003:2,0.005191,0.000056,0.003651
1776783346.098229,0000000000000004:1,0.150545,-0.000230,0.105382
1776783346.098287,0000000000000004:2,0.005176,0.000010,0.003626
1776783346.098309,0000000000000004:3,0.005116,-0.000049,0.003582
1776783346.098783,0000000000000001:1,0.010279,-0.000013,0.007196
1776783346.098811,0000000000000001:2,0.215896,0.000223,0.151194
1776783346.098832,0000000000000001:3,0.006882,-0.000059,0.004818
1776783346.170833,0000000000000002:1,0.005124,-0.000042,0.003587
1776783346.170902,0000000000000002:2,0.106476,-0.001545,0.074534
1776783346.175477,0000000000000003:1,0.005062,-0.000099,0.003543
1776783346.175510,0000000000000003:2,0.005075,-0.000116,0.003552
1776783347.109529,0000000000000004:1,0.150123,-0.000422,0.105086
1776783347.109590,0000000000000004:2,0.005050,-0.000126,0.003535
1776783347.109611,0000000000000004:3,0.005087,-0.000030,0.003561
1776783347.110783,0000000000000001:1,0.010080,-0.000199,0.007056
1776783347.110811,0000000000000001:2,0.215042,-0.000854,0.150529
1776783347.110831,0000000000000001:3,0.006724,-0.000158,0.004707
1776783347.166475,0000000000000003:1,0.005120,0.000058,0.003601
1776783347.166533,0000000000000003:2,0.005130,0.000055,0.003607
1776783347.167189,0000000000000002:1,0.005072,-0.000052,0.003550
1776783347.167216,0000000000000002:2,0.108917,0.002441,0.076974
1776783348.113772,0000000000000004:1,0.150591,0.000468,0.105554
1776783348.113833,0000000000000004:2,0.005032,-0.000018,0.003522
1776783348.113856,0000000000000004:3,0.005029,-0.000058,0.003520
1776783348.118384,0000000000000001:1,0.009947,-0.000133,0.006963
1776783348.118418,0000000000000001:2,0.214946,-0.000095,0.150463
1776783348.118443,0000000000000001:3,0.006665,-0.000060,0.004665
1776783348.172487,0000000000000002:1,0.005023,-0.000048,0.003516
1776783348.172529,0000000000000002:2,0.107936,-0.000981,0.075555
1776783348.173088,0000000000000003:1,0.005017,-0.000103,0.003512
1776783348.173114,0000000000000003:2,0.005010,-0.000119,0.003507
1776783349.121100,0000000000000004:1,0.150566,-0.000025,0.105396
1776783349.121159,0000000000000004:2,0.005063,0.000031,0.003554
1776783349.121181,0000000000000004:3,0.005047,0.000018,0.003538
1776783349.125857,0000000000000001:1,0.010065,0.000118,0.007081
1776783349.125889,0000000000000001:2,0.215732,0.000785,0.151248
1776783349.125909,0000000000000001:3,0.006728,0.000063,0.004729
1776783349.182560,0000000000000002:1,0.005026,0.000003,0.003519
1776783349.182625,0000000000000002:2,0.107346,-0.000589,0.075142
1776783349.183038,0000000000000003:1,0.005034,0.000017,0.003529
1776783349.183065,0000000000000003:2,0.005027,0.000017,0.003524
1776783350.135446,0000000000000004:1,0.149609,-0.000957,0.104726
1776783350.135504,0000000000000004:2,0.005055,-0.000009,0.003538
1776783350.135524,0000000000000004:3,0.005095,0.000048,0.003581
1776783350.136588,0000000000000001:1,0.010216,0.000150,0.007196
1776783350.136617,0000000000000001:2,0.215406,-0.000326,0.150784
1776783350.136638,0000000000000001:3,0.006830,0.000102,0.004812
1776783350.189196,0000000000000002:1,0.005104,0.000077,0.003596
1776783350.189232,0000000000000002:2,0.108140,0.000794,0.075936
1776783350.190432,0000000000000003:1,0.005073,0.000039,0.003563
1776783350.190466,0000000000000003:2,0.005086,0.000059,0.003578
1776783351.137113,0000000000000004:1,0.040583,-0.109026,0.028408
1776783351.137170,0000000000000004:2,0.005215,0.000160,0.003699
1776783351.137190,0000000000000004:3,0.005112,0.000018,0.003584
1776783351.142128,0000000000000001:1,0.010194,-0.000022,0.007136
1776783351.142161,0000000000000001:2,0.048736,-0.166670,0.034115
1776783351.142196,0000000000000001:3,0.006799,-0.000032,0.004759
1776783351.195044,0000000000000002:1,0.005183,0.000080,0.003652
1776783351.195080,0000000000000002:2,0.024574,-0.083566,0.017202
1776783351.195108,0000000000000003:1,0.005130,0.000057,0.003608
1776783351.195129,0000000000000003:2,0.005144,0.000057,0.003618
1776783352.162888,0000000000000004:1,0.013260,-0.027324,0.009282
1776783352.162946,0000000000000004:2,0.005002,-0.000213,0.003501
1776783352.162966,0000000000000004:3,0.005018,-0.000094,0.003513
1776783352.167147,0000000000000001:1,0.010040,-0.000153,0.007028
1776783352.167179,0000000000000001:2,0.010050,-0.038686,0.007035
1776783352.167198,0000000000000001:3,0.006705,-0.000094,0.004693
1776783352.222527,0000000000000003:1,0.004981,-0.000150,0.003487
1776783352.222579,0000000000000003:2,0.004971,-0.000173,0.003480
1776783352.222893,0000000000000002:1,0.004962,-0.000221,0.003474
1776783352.222919,0000000000000002:2,0.005015,-0.019560,0.003510
1776783353.122306,0000000000000004:1,0.457423,0.444164,0.453445
1776783353.122366,0000000000000004:2,0.005339,0.000337,0.003838
1776783353.122388,0000000000000004:3,0.004871,-0.000147,0.003410
1776783353.164651,0000000000000002:1,0.005617,0.000655,0.004128
1776783353.169127,0000000000000002:2,0.345320,0.340305,0.343815
1776783353.183938,0000000000000001:1,0.009598,-0.000443,0.006718
1776783353.183972,0000000000000001:2,0.644955,0.634904,0.641939
1776783353.183992,0000000000000001:3,0.006591,-0.000113,0.004614
1776783353.210067,0000000000000003:1,0.004838,-0.000143,0.003387
1776783353.210119,0000000000000003:2,0.005046,0.000075,0.003555
1776783354.110349,0000000000000004:1,0.687756,0.230333,0.550529
1776783354.110405,0000000000000004:2,0.007543,0.002204,0.005941
1776783354.110426,0000000000000004:3,0.002619,-0.002253,0.001833
1776783354.111169,0000000000000002:1,0.008182,0.002565,0.006497
1776783354.111196,0000000000000002:2,0.533223,0.187903,0.429627
1776783354.132919,0000000000000003:1,0.003368,-0.001470,0.002357
1776783354.132953,0000000000000003:2,0.008014,0.002968,0.006500
1776783354.221962,0000000000000001:1,0.010093,0.000495,0.007213
1776783354.222018,0000000000000001:2,0.966522,0.321567,0.773035
1776783354.222040,0000000000000001:3,0.009119,0.002528,0.007142
1776783355.116490,0000000000000002:1,0.009930,0.001747,0.007475
1776783355.116546,0000000000000002:2,0.500152,-0.033071,0.350107
1776783355.122688,0000000000000004:1,0.676738,-0.011018,0.473717
1776783355.122721,0000000000000004:2,0.009864,0.002322,0.007602
1776783355.122741,0000000000000004:3,0.000428,-0.002190,0.000300
1776783355.127246,0000000000000003:1,0.000483,-0.002885,0.000338
1776783355.127278,0000000000000003:2,0.010012,0.001999,0.007608
1776783355.224964,0000000000000001:1,0.010392,0.000299,0.007364
1776783355.225019,0000000000000001:2,1.000000,0.033478,0.710043
1776783355.225040,0000000000000001:3,0.013114,0.003995,0.010378
1776783356.127635,0000000000000002:1,0.009989,0.000059,0.007010
1776783356.127692,0000000000000002:2,0.284602,-0.215550,0.199221
1776783356.128994,0000000000000003:1,0.000211,-0.000272,0.000148
1776783356.129023,0000000000000003:2,0.010093,0.000080,0.007089
1776783356.129610,0000000000000004:1,0.397201,-0.279538,0.278040
1776783356.129636,0000000000000004:2,0.010058,0.000193,0.007099
1776783356.129656,0000000000000004:3,0.000210,-0.000218,0.000147
1776783356.231968,0000000000000001:1,0.010297,-0.000094,0.007208
1776783356.232007,0000000000000001:2,0.569471,-0.430529,0.398630
1776783356.232026,0000000000000001:3,0.013405,0.000291,0.009470
1776783357.130782,0000000000000002:1,0.009730,-0.000259,0.006811
1776783357.130842,0000000000000002:2,0.000409,-0.284193,0.000286
1776783357.131173,0000000000000004:1,0.013446,-0.383755,0.009412
1776783357.131207,0000000000000004:2,0.009752,-0.000306,0.006827
1776783357.131258,0000000000000004:3,0.000409,0.000199,0.000346
1776783357.141528,0000000000000003:1,0.000395,0.000184,0.000331
1776783357.141570,0000000000000003:2,0.009643,-0.000449,0.006750
1776783357.238638,0000000000000001:1,0.010080,-0.000217,0.007056
1776783357.238714,0000000000000001:2,0.000801,-0.568670,0.000561
1776783357.238743,0000000000000001:3,0.012954,-0.000450,0.009068
1776783358.133963,0000000000000002:1,0.009609,-0.000121,0.006726
1776783358.134031,0000000000000002:2,0.000519,0.000111,0.000397
1776783358.143015,0000000000000004:1,0.013438,-0.000008,0.009406
1776783358.143055,0000000000000004:2,0.009517,-0.000235,0.006662
1776783358.143085,0000000000000004:3,0.000535,0.000125,0.000412
1776783358.150036,0000000000000003:1,0.000533,0.000138,0.000415
1776783358.150073,0000000000000003:2,0.009542,-0.000101,0.006679
1776783358.247839,0000000000000001:1,0.010005,-0.000075,0.007003
1776783358.247900,0000000000000001:2,0.001019,0.000218,0.000778
1776783358.247928,0000000000000001:3,0.012763,-0.000192,0.008934
1776783359.141660,0000000000000002:1,0.009124,-0.000485,0.006387
1776783359.141737,0000000000000002:2,0.136309,0.135790,0.136153
1776783359.150379,0000000000000004:1,0.190906,0.177468,0.186875
1776783359.150412,0000000000000004:2,0.009130,-0.000387,0.006391
1776783359.150432,0000000000000004:3,0.000594,0.000059,0.000433
1776783359.157294,0000000000000003:1,0.000584,0.000051,0.000424
1776783359.157327,0000000000000003:2,0.009080,-0.000462,0.006356
1776783359.253972,0000000000000001:1,0.009743,-0.000262,0.006820
1776783359.254029,0000000000000001:2,0.274473,0.273455,0.274168
1776783359.254050,0000000000000001:3,0.012085,-0.000678,0.008459
1776783360.145691,0000000000000002:1,0.009762,0.000638,0.007025
1776783360.145751,0000000000000002:2,0.499999,0.363690,0.459107
1776783360.151027,0000000000000003:1,0.000453,-0.000131,0.000317
1776783360.151060,0000000000000003:2,0.009826,0.000746,0.007102
1776783360.151274,0000000000000004:1,0.680911,0.490005,0.623640
1776783360.151299,0000000000000004:2,0.009796,0.000665,0.007057
1776783360.151320,0000000000000004:3,0.000430,-0.000164,0.000301
1776783360.284227,0000000000000001:1,0.009911,0.000169,0.006988
1776783360.284286,0000000000000001:2,0.975203,0.700730,0.892861
1776783360.284306,0000000000000001:3,0.012610,0.000526,0.008985
1776783361.150911,0000000000000002:1,0.009800,0.000039,0.006872
1776783361.150969,0000000000000002:2,0.500564,0.000564,0.350564
1776783361.156194,0000000000000004:1,0.681532,0.000621,0.477258
1776783361.156226,0000000000000004:2,0.009797,0.000001,0.006858
1776783361.156248,0000000000000004:3,0.000171,-0.000259,0.000119
1776783361.160553,0000000000000003:1,0.000176,-0.000277,0.000123
1776783361.160584,0000000000000003:2,0.009732,-0.000094,0.006812
1776783361.289936,0000000000000001:1,0.009933,0.000021,0.006959
1776783361.289994,0000000000000001:2,0.999683,0.024480,0.707122
1776783361.290015,0000000000000001:3,0.013003,0.000392,0.009220
1776783362.156765,0000000000000002:1,0.010085,0.000285,0.007145
1776783362.156839,0000000000000002:2,0.472245,-0.028319,0.330571
1776783362.160271,0000000000000003:1,0.000071,-0.000106,0.000049
1776783362.160304,0000000000000003:2,0.010093,0.000361,0.007173
1776783362.162297,0000000000000004:1,0.645783,-0.035749,0.452048
1776783362.162325,0000000000000004:2,0.010089,0.000293,0.007151
1776783362.162345,0000000000000004:3,0.000083,-0.000087,0.000058
1776783362.279539,0000000000000001:1,0.010315,0.000383,0.007336
1776783362.279596,0000000000000001:2,0.958849,-0.040834,0.671195
1776783362.279617,0000000000000001:3,0.013563,0.000560,0.009662
1776783363.163376,0000000000000002:1,0.010039,-0.000046,0.007027
1776783363.163486,0000000000000002:2,0.000245,-0.472000,0.000171
1776783363.168968,0000000000000004:1,0.013753,-0.632030,0.009627
1776783363.169001,0000000000000004:2,0.010032,-0.000058,0.007022
1776783363.169023,0000000000000004:3,0.000250,0.000167,0.000225
1776783363.174750,0000000000000003:1,0.000258,0.000188,0.000237
1776783363.174782,0000000000000003:2,0.009920,-0.000173,0.006944
1776783363.291360,0000000000000001:1,0.010197,-0.000119,0.007138
1776783363.291418,0000000000000001:2,0.000449,-0.958401,0.000314
1776783363.291445,0000000000000001:3,0.013332,-0.000231,0.009332
1776783364.168332,0000000000000002:1,0.009769,-0.000270,0.006839
1776783364.168394,0000000000000002:2,0.000341,0.000096,0.000268
1776783364.171760,0000000000000004:1,0.013420,-0.000332,0.009394
1776783364.171793,0000000000000004:2,0.009804,-0.000228,0.006863
1776783364.171812,0000000000000004:3,0.000338,0.000088,0.000263
1776783364.176668,0000000000000003:1,0.000339,0.000080,0.000261
1776783364.176701,0000000000000003:2,0.009802,-0.000117,0.006862
1776783364.294893,0000000000000001:1,0.010111,-0.000085,0.007078
1776783364.294948,0000000000000001:2,0.000696,0.000248,0.000562
1776783364.294969,0000000000000001:3,0.013053,-0.000278,0.009137
1776783365.176569,0000000000000002:1,0.009828,0.000058,0.006897
1776783365.176637,0000000000000002:2,0.000472,0.000131,0.000370
1776783365.182189,0000000000000004:1,0.013686,0.000265,0.009660
1776783365.182225,0000000000000004:2,0.009810,0.000006,0.006868
1776783365.182244,0000000000000004:3,0.000476,0.000137,0.000374
1776783365.187739,0000000000000003:1,0.000465,0.000127,0.000364
1776783365.187771,0000000000000003:2,0.009800,-0.000002,0.006860
1776783365.300311,0000000000000001:1,0.010306,0.000195,0.007273
1776783365.300364,0000000000000001:2,0.000961,0.000264,0.000752
1776783365.300385,0000000000000001:3,0.013158,0.000105,0.009242
1776783366.178752,0000000000000002:1,0.009992,0.000165,0.007044
1776783366.178810,0000000000000002:2,0.450884,0.450411,0.450742
1776783366.183692,0000000000000003:1,0.000435,-0.000030,0.000305
1776783366.183727,0000000000000003:2,0.009983,0.000182,0.007043
1776783366.184099,0000000000000004:1,0.610813,0.597127,0.606707
1776783366.184125,0000000000000004:2,0.009985,0.000175,0.007042
1776783366.184143,0000000000000004:3,0.000429,-0.000046,0.000300
1776783366.310589,0000000000000001:1,0.010288,-0.000018,0.007202
1776783366.310643,0000000000000001:2,0.896185,0.895224,0.895896
1776783366.310664,0000000000000001:3,0.013086,-0.000072,0.009160
1776783367.182496,0000000000000002:1,0.010019,0.000027,0.007021
1776783367.182551,0000000000000002:2,0.500295,0.049411,0.365029
1776783367.182682,0000000000000004:1,0.683561,0.072747,0.500317
1776783367.182708,0000000000000004:2,0.010064,0.000079,0.007069
1776783367.182728,0000000000000004:3,0.000239,-0.000190,0.000167
1776783367.188144,0000000000000003:1,0.000248,-0.000188,0.000173
1776783367.188176,0000000000000003:2,0.009942,-0.000041,0.006959
1776783367.320617,0000000000000001:1,0.010166,-0.000122,0.007116
1776783367.320672,0000000000000001:2,0.993861,0.097676,0.725005
1776783367.320692,0000000000000001:3,0.013125,0.000039,0.009199
1776783368.188557,0000000000000002:1,0.010250,0.000231,0.007244
1776783368.188613,0000000000000002:2,0.499820,-0.000475,0.349874
1776783368.189860,0000000000000003:1,0.000081,-0.000167,0.000056
1776783368.189888,0000000000000003:2,0.010314,0.000373,0.007332
1776783368.215403,0000000000000004:1,0.663677,-0.019884,0.464574
1776783368.215533,0000000000000004:2,0.009981,-0.000083,0.006987
1776783368.215556,0000000000000004:3,0.000078,-0.000161,0.000055
1776783368.351239,0000000000000001:1,0.010054,-0.000112,0.007038
1776783368.351299,0000000000000001:2,0.977433,-0.016427,0.684203
1776783368.351319,0000000000000001:3,0.013375,0.000251,0.009438
1776783369.190359,0000000000000002:1,0.010019,-0.000231,0.007013
1776783369.190415,0000000000000002:2,0.160710,-0.339110,0.112497
1776783369.191010,0000000000000004:1,0.236611,-0.427066,0.165627
1776783369.191056,0000000000000004:2,0.010237,0.000256,0.007242
1776783369.191074,0000000000000004:3,0.000152,0.000073,0.000128
1776783369.196365,0000000000000003:1,0.000144,0.000063,0.000119
1776783369.196397,0000000000000003:2,0.009794,-0.000520,0.006856
1776783369.340442,0000000000000001:1,0.010170,0.000116,0.007154
1776783369.340496,0000000000000001:2,0.322623,-0.654811,0.225836
1776783369.340517,0000000000000001:3,0.013333,-0.000042,0.009333
1776783370.195076,0000000000000002:1,0.009921,-0.000097,0.006945
1776783370.195134,0000000000000002:2,0.000254,-0.160455,0.000178
1776783370.199545,0000000000000004:1,0.013535,-0.223076,0.009475
1776783370.199594,0000000000000004:2,0.009925,-0.000312,0.006947
1776783370.199614,0000000000000004:3,0.000267,0.000115,0.000221
1776783370.209645,0000000000000003:1,0.000269,0.000125,0.000226
1776783370.209679,0000000000000003:2,0.009918,0.000124,0.006980
1776783370.341030,0000000000000001:1,0.010245,0.000075,0.007194
1776783370.341082,0000000000000001:2,0.000524,-0.322099,0.000367
1776783370.341102,0000000000000001:3,0.013428,0.000095,0.009428
1776783371.200862,0000000000000002:1,0.009795,-0.000126,0.006856
1776783371.200921,0000000000000002:2,0.000361,0.000107,0.000285
1776783371.202021,0000000000000004:1,0.013617,0.000082,0.009556
1776783371.202049,0000000000000004:2,0.009827,-0.000097,0.006879
1776783371.202069,0000000000000004:3,0.000375,0.000109,0.000295
1776783371.216548,0000000000000003:1,0.000370,0.000102,0.000290
1776783371.216581,0000000000000003:2,0.009724,-0.000194,0.006807
1776783371.353982,0000000000000001:1,0.010020,-0.000226,0.007014
1776783371.354036,0000000000000001:2,0.000710,0.000186,0.000553
1776783371.354056,0000000000000001:3,0.012875,-0.000553,0.009012
1776783372.208134,0000000000000002:1,0.009730,-0.000064,0.006811
1776783372.208187,0000000000000002:2,0.000467,0.000106,0.000359
1776783372.217466,0000000000000004:1,0.013421,-0.000196,0.009395
1776783372.217501,0000000000000004:2,0.009655,-0.000172,0.006759
1776783372.217523,0000000000000004:3,0.000473,0.000098,0.000361
1776783372.222829,0000000000000003:1,0.000463,0.000093,0.000352
1776783372.222861,0000000000000003:2,0.009797,0.000073,0.006880
1776783372.358557,0000000000000001:1,0.010315,0.000295,0.007309
1776783372.358609,0000000000000001:2,0.000930,0.000220,0.000717
1776783372.358630,0000000000000001:3,0.013145,0.000271,0.009283
1776783373.211542,0000000000000002:1,0.009674,-0.000056,0.006772
1776783373.211597,0000000000000002:2,0.000559,0.000092,0.000419
1776783373.220745,0000000000000004:1,0.013624,0.000203,0.009598
1776783373.220778,0000000000000004:2,0.009685,0.000030,0.006789
1776783373.220798,0000000000000004:3,0.000553,0.000079,0.000411
1776783373.224296,0000000000000003:1,0.000533,0.000070,0.000395
1776783373.224326,0000000000000003:2,0.009672,-0.000125,0.006770
1776783373.362019,0000000000000001:1,0.010112,-0.000203,0.007079
1776783373.362072,0000000000000001:2,0.001132,0.000202,0.000853
1776783373.362092,0000000000000001:3,0.012773,-0.000372,0.008941
1776783374.218721,0000000000000002:1,0.009522,-0.000152,0.006666
1776783374.218775,0000000000000002:2,0.265073,0.264514,0.264905
1776783374.224661,0000000000000004:1,0.363625,0.350001,0.359537
1776783374.224693,0000000000000004:2,0.009543,-0.000142,0.006680
1776783374.224715,0000000000000004:3,0.000525,-0.000027,0.000368
1776783374.229364,0000000000000003:1,0.000565,0.000032,0.000405
1776783374.229396,0000000000000003:2,0.009494,-0.000177,0.006646
1776783374.373121,0000000000000001:1,0.010064,-0.000049,0.007045
1776783374.373179,0000000000000001:2,0.529971,0.528840,0.529632
1776783374.373200,0000000000000001:3,0.012672,-0.000101,0.008870
1776783375.219757,0000000000000002:1,0.009979,0.000457,0.007122
1776783375.219812,0000000000000002:2,0.500704,0.235631,0.421182
1776783375.220636,0000000000000004:1,0.684014,0.320390,0.574927
1776783375.220663,0000000000000004:2,0.010023,0.000480,0.007160
1776783375.220682,0000000000000004:3,0.000255,-0.000270,0.000179
1776783375.230296,0000000000000003:1,0.000248,-0.000317,0.000174
1776783375.230329,0000000000000003:2,0.009899,0.000405,0.007051
1776783375.404083,0000000000000001:1,0.009859,-0.000205,0.006901
1776783375.404140,0000000000000001:2,0.971865,0.441894,0.812874
1776783375.404162,0000000000000001:3,0.012728,0.000056,0.008926
1776783376.225996,0000000000000002:1,0.009974,-0.000005,0.006982
1776783376.226052,0000000000000002:2,0.499741,-0.000963,0.349819
1776783376.231745,0000000000000004:1,0.677187,-0.006827,0.474031
1776783376.231778,0000000000000004:2,0.009926,-0.000097,0.006948
1776783376.231800,0000000000000004:3,0.000090,-0.000166,0.000063
1776783376.235956,0000000000000003:1,0.000094,-0.000155,0.000065
1776783376.235989,0000000000000003:2,0.010013,0.000114,0.007043
1776783376.385801,0000000000000001:1,0.010285,0.000426,0.007327
1776783376.385857,0000000000000001:2,1.000000,0.028135,0.708440
1776783376.385878,0000000000000001:3,0.013626,0.000899,0.009808
1776783377.235609,0000000000000002:1,0.010194,0.000220,0.007201
1776783377.235667,0000000000000002:2,0.499326,-0.000414,0.349528
1776783377.241499,0000000000000004:1,0.679249,0.002062,0.476093
1776783377.241538,0000000000000004:2,0.010192,0.000266,0.007214
1776783377.241558,0000000000000004:3,0.000043,-0.000046,0.000030
1776783377.242385,0000000000000003:1,0.000043,-0.000050,0.000030
1776783377.242413,0000000000000003:2,0.010213,0.000199,0.007209
1776783377.406531,0000000000000001:1,0.010152,-0.000133,0.007106
1776783377.406588,0000000000000001:2,0.989177,-0.010823,0.692424
1776783377.406609,0000000000000001:3,0.013439,-0.000187,0.009407
1776783378.239671,0000000000000002:1,0.010089,-0.000104,0.007063
1776783378.239727,0000000000000002:2,0.500545,0.001218,0.350747
1776783378.240043,0000000000000004:1,0.683566,0.004317,0.479791
1776783378.240069,0000000000000004:2,0.010149,-0.000044,0.007104
1776783378.240087,0000000000000004:3,0.000044,0.000000,0.000031
1776783378.245845,0000000000000003:1,0.000044,0.000000,0.000031
1776783378.245877,0000000000000003:2,0.010085,-0.000127,0.007060
1776783378.406192,0000000000000001:1,0.010147,-0.000005,0.007103
1776783378.406250,0000000000000001:2,1.000000,0.010823,0.703247
1776783378.406271,0000000000000001:3,0.013489,0.000050,0.009458
1776783379.242484,0000000000000002:1,0.010216,0.000126,0.007189
1776783379.242541,0000000000000002:2,0.499853,-0.000692,0.349897
1776783379.243245,0000000000000004:1,0.679974,-0.003592,0.475982
1776783379.243272,0000000000000004:2,0.010212,0.000063,0.007167
1776783379.243292,0000000000000004:3,0.000033,-0.000010,0.000023
1776783379.248478,0000000000000003:1,0.000030,-0.000013,0.000021
1776783379.248510,0000000000000003:2,0.010211,0.000126,0.007185
1776783379.412636,0000000000000001:1,0.010196,0.000048,0.007152
1776783379.412693,0000000000000001:2,0.996101,-0.003899,0.697271
1776783379.412714,0000000000000001:3,0.013554,0.000065,0.009507
1776783380.249611,0000000000000002:1,0.010242,0.000026,0.007177
1776783380.249667,0000000000000002:2,0.499711,-0.000142,0.349798
1776783380.254854,0000000000000004:1,0.677765,-0.002209,0.474436
1776783380.254887,0000000000000004:2,0.010197,-0.000015,0.007138
1776783380.254909,0000000000000004:3,0.000023,-0.000010,0.000016
1776783380.255215,0000000000000003:1,0.000027,-0.000003,0.000019
1776783380.255241,0000000000000003:2,0.010230,0.000019,0.007166
1776783380.420046,0000000000000001:1,0.010199,0.000004,0.007141
1776783380.420104,0000000000000001:2,0.999153,0.003052,0.700323
1776783380.420125,0000000000000001:3,0.013630,0.000076,0.009564
1776783381.252903,0000000000000002:1,0.010214,-0.000028,0.007150
1776783381.252962,0000000000000002:2,0.500204,0.000493,0.350291
1776783381.253191,0000000000000004:1,0.682891,0.005126,0.479562
1776783381.265673,0000000000000004:2,0.010139,-0.000058,0.007097
1776783381.265712,0000000000000004:3,0.000033,0.000010,0.000026
1776783381.271564,0000000000000003:1,0.000033,0.000006,0.000025
1776783381.271597,0000000000000003:2,0.010070,-0.000160,0.007049
1776783381.439661,0000000000000001:1,0.010094,-0.000106,0.007066
1776783381.439718,0000000000000001:2,0.984390,-0.014763,0.689073
1776783381.439740,0000000000000001:3,0.013392,-0.000238,0.009375
1776783382.255676,0000000000000002:1,0.010159,-0.000055,0.007112
1776783382.255732,0000000000000002:2,0.500240,0.000036,0.350179
1776783382.256345,0000000000000004:1,0.680413,-0.002478,0.476289
1776783382.256372,0000000000000004:2,0.010289,0.000150,0.007247
1776783382.256393,0000000000000004:3,0.000041,0.000007,0.000031
1776783382.261634,0000000000000003:1,0.000037,0.000004,0.000027
1776783382.261665,0000000000000003:2,0.010283,0.000213,0.007262
1776783382.453008,0000000000000001:1,0.010067,-0.000027,0.007047
1776783382.453081,0000000000000001:2,0.989769,0.005379,0.694452
1776783382.453102,0000000000000001:3,0.013387,-0.000006,0.009371
1776783383.277579,0000000000000002:1,0.010045,-0.000115,0.007031
1776783383.277640,0000000000000002:2,0.499709,-0.000532,0.349796
1776783383.283318,0000000000000004:1,0.677150,-0.003264,0.474005
1776783383.283350,0000000000000004:2,0.009995,-0.000294,0.006997
1776783383.283369,0000000000000004:3,0.000013,-0.000028,0.000009
1776783383.283634,0000000000000003:1,0.000016,-0.000021,0.000012
1776783383.283660,0000000000000003:2,0.010031,-0.000252,0.007022
1776783383.451963,0000000000000001:1,0.010232,0.000165,0.007212
1776783383.452019,0000000000000001:2,1.000000,0.010231,0.703069
1776783383.452039,0000000000000001:3,0.013688,0.000301,0.009672
1776783384.281341,0000000000000002:1,0.010283,0.000238,0.007270
1776783384.281400,0000000000000002:2,0.500193,0.000484,0.350280
1776783384.281885,0000000000000004:1,0.683129,0.005979,0.479984
1776783384.281913,0000000000000004:2,0.010337,0.000342,0.007338
1776783384.281934,0000000000000004:3,0.000017,0.000004,0.000013
1776783384.287235,0000000000000003:1,0.000017,0.000000,0.000012
1776783384.287267,0000000000000003:2,0.010271,0.000241,0.007262
1776783384.461902,0000000000000001:1,0.010247,0.000015,0.007177
1776783384.461957,0000000000000001:2,0.994268,-0.005732,0.695987
1776783384.461977,0000000000000001:3,0.013605,-0.000083,0.009523
1776783385.285182,0000000000000002:1,0.010276,-0.000008,0.007193
1776783385.285239,0000000000000002:2,0.500157,-0.000036,0.350110
1776783385.285951,0000000000000004:1,0.680410,-0.002719,0.476287
1776783385.285978,0000000000000004:2,0.010273,-0.000063,0.007191
1776783385.286001,0000000000000004:3,0.000017,-0.000000,0.000012
1776783385.291324,0000000000000003:1,0.000017,-0.000000,0.000012
1776783385.291356,0000000000000003:2,0.010263,-0.000008,0.007184
1776783385.467977,0000000000000001:1,0.010253,0.000006,0.007179
1776783385.468035,0000000000000001:2,0.997850,0.003582,0.699570
1776783385.468055,0000000000000001:3,0.013662,0.000057,0.009580
1776783386.289625,0000000000000002:1,0.010263,-0.000013,0.007184
1776783386.289684,0000000000000002:2,0.499747,-0.000410,0.349823
1776783386.289997,0000000000000004:1,0.680423,0.000013,0.476300
1776783386.302424,0000000000000004:2,0.010142,-0.000132,0.007099
1776783386.302496,0000000000000004:3,0.000030,0.000013,0.000025
1776783386.308512,0000000000000003:1,0.000030,0.000013,0.000025
1776783386.308544,0000000000000003:2,0.010121,-0.000142,0.007085
1776783386.487821,0000000000000001:1,0.010108,-0.000145,0.007076
1776783386.487877,0000000000000001:2,0.984644,-0.013206,0.689251
1776783386.487897,0000000000000001:3,0.013464,-0.000198,0.009425
1776783387.295625,0000000000000002:1,0.010000,-0.000263,0.007000
1776783387.295683,0000000000000002:2,0.499834,0.000088,0.349910
1776783387.301609,0000000000000004:1,0.676847,-0.003576,0.473793
1776783387.301641,0000000000000004:2,0.010071,-0.000071,0.007050
1776783387.301662,0000000000000004:3,0.000057,0.000027,0.000048
1776783387.301919,0000000000000003:1,0.000054,0.000024,0.000045
1776783387.301945,0000000000000003:2,0.010120,-0.000001,0.007084
1776783387.484523,0000000000000001:1,0.010107,-0.000001,0.007075
1776783387.484581,0000000000000001:2,1.000000,0.015356,0.704607
1776783387.484601,0000000000000001:3,0.013453,-0.000011,0.009417
1776783388.301541,0000000000000002:1,0.010168,0.000168,0.007168
1776783388.301596,0000000000000002:2,0.500110,0.000276,0.350160
1776783388.307600,0000000000000004:1,0.680304,0.003458,0.477250
1776783388.307632,0000000000000004:2,0.010164,0.000093,0.007142
1776783388.307651,0000000000000004:3,0.000057,-0.000000,0.000040
1776783388.310836,0000000000000003:1,0.000053,-0.000001,0.000037
1776783388.310867,0000000000000003:2,0.010127,0.000008,0.007091
1776783388.491612,0000000000000001:1,0.010193,0.000086,0.007161
1776783388.491668,0000000000000001:2,0.999055,-0.000945,0.699338
1776783388.491689,0000000000000001:3,0.013474,0.000021,0.009439
1776783389.305010,0000000000000002:1,0.010259,0.000092,0.007209
1776783389.305066,0000000000000002:2,0.500005,-0.000105,0.350004
1776783389.305770,0000000000000004:1,0.682923,0.002619,0.478832
1776783389.305798,0000000000000004:2,0.010321,0.000157,0.007272
1776783389.305818,0000000000000004:3,0.000030,-0.000026,0.000021
1776783389.310734,0000000000000003:1,0.000037,-0.000016,0.000026
1776783389.310766,0000000000000003:2,0.010286,0.000159,0.007248
1776783389.511800,0000000000000001:1,0.010128,-0.000065,0.007089
1776783389.511858,0000000000000001:2,0.983620,-0.015435,0.688534
1776783389.511878,0000000000000001:3,0.013486,0.000011,0.009443
1776783390.311123,0000000000000002:1,0.010202,-0.000057,0.007142
1776783390.311177,0000000000000002:2,0.499856,-0.000149,0.349900
1776783390.316824,0000000000000004:1,0.677909,-0.005014,0.474536
1776783390.316857,0000000000000004:2,0.010146,-0.000175,0.007102
1776783390.316879,0000000000000004:3,0.000027,-0.000004,0.000019
1776783390.317173,0000000000000003:1,0.000027,-0.000010,0.000019
1776783390.317199,0000000000000003:2,0.010179,-0.000107,0.007125
1776783390.522862,0000000000000001:1,0.010136,0.000008,0.007098
1776783390.522919,0000000000000001:2,0.995055,0.011435,0.699969
1776783390.522940,0000000000000001:3,0.013510,0.000024,0.009464
1776783391.317168,0000000000000002:1,0.010083,-0.000120,0.007058
1776783391.350021,0000000000000002:2,0.484362,-0.015494,0.339054
1776783391.358450,0000000000000004:1,0.656896,-0.021013,0.459827
1776783391.358496,0000000000000004:2,0.009738,-0.000408,0.006817
1776783391.358523,0000000000000004:3,0.000023,-0.000004,0.000016
1776783391.358877,0000000000000003:1,0.000023,-0.000004,0.000016
1776783391.358912,0000000000000003:2,0.009731,-0.000448,0.006812
1776783391.549807,0000000000000001:1,0.009894,-0.000242,0.006926
1776783391.549864,0000000000000001:2,0.979684,-0.015371,0.685779
1776783391.549885,0000000000000001:3,0.013166,-0.000344,0.009216
1776783392.323768,0000000000000002:1,0.009817,-0.000266,0.006872
1776783392.323823,0000000000000002:2,0.516675,0.032312,0.371366
1776783392.329768,0000000000000003:1,0.000024,0.000002,0.000017
1776783392.329800,0000000000000003:2,0.010168,0.000436,0.007248
1776783392.329828,0000000000000004:1,0.704180,0.047284,0.507111
1776783392.329849,0000000000000004:2,0.010173,0.000435,0.007252
1776783392.329869,0000000000000004:3,0.000031,0.000009,0.000024
1776783392.521533,0000000000000001:1,0.010124,0.000230,0.007156
1776783392.521591,0000000000000001:2,1.000000,0.020316,0.706095
1776783392.521612,0000000000000001:3,0.013513,0.000347,0.009563
1776783393.329947,0000000000000002:1,0.010192,0.000375,0.007247
1776783393.330004,0000000000000002:2,0.499947,-0.016728,0.349963
1776783393.335888,0000000000000004:1,0.680419,-0.023761,0.476293
1776783393.335929,0000000000000004:2,0.010193,0.000020,0.007141
1776783393.335950,0000000000000004:3,0.000023,-0.000008,0.000016
1776783393.336544,0000000000000003:1,0.000030,0.000006,0.000023
1776783393.336576,0000000000000003:2,0.010169,0.000001,0.007119
1776783393.533727,0000000000000001:1,0.010178,0.000053,0.007140
1776783393.533789,0000000000000001:2,0.994425,-0.005575,0.696098
1776783393.533817,0000000000000001:3,0.013521,0.000008,0.009468
1776783394.338084,0000000000000002:1,0.010122,-0.000070,0.007085
1776783394.338138,0000000000000002:2,0.499925,-0.000022,0.349947
1776783394.344015,0000000000000004:1,0.679890,-0.000529,0.475923
1776783394.344050,0000000000000004:2,0.010122,-0.000071,0.007085
1776783394.344070,0000000000000004:3,0.000020,-0.000003,0.000014
1776783394.344380,0000000000000003:1,0.000020,-0.000010,0.000014
1776783394.344406,0000000000000003:2,0.010118,-0.000051,0.007083
1776783394.542153,0000000000000001:1,0.010092,-0.000085,0.007065
1776783394.542212,0000000000000001:2,0.999323,0.004898,0.700996
1776783394.542233,0000000000000001:3,0.013474,-0.000047,0.009432
1776783395.344629,0000000000000002:1,0.010228,0.000106,0.007192
1776783395.344683,0000000000000002:2,0.500253,0.000329,0.350276
1776783395.345937,0000000000000003:1,0.000040,0.000020,0.000034
1776783395.345981,0000000000000003:2,0.010265,0.000147,0.007230
1776783395.350598,0000000000000004:1,0.679927,0.000037,0.475960
1776783395.350630,0000000000000004:2,0.010228,0.000106,0.007191
1776783395.350650,0000000000000004:3,0.000043,0.000023,0.000037
1776783395.551584,0000000000000001:1,0.010239,0.000146,0.007211
1776783395.551643,0000000000000001:2,0.998119,-0.001204,0.698683
1776783395.551664,0000000000000001:3,0.013590,0.000115,0.009547
1776783396.347581,0000000000000002:1,0.010265,0.000037,0.007196
1776783396.352526,0000000000000002:2,0.497605,-0.002648,0.348324
1776783396.353804,0000000000000004:1,0.679862,-0.000064,0.475904
1776783396.353871,0000000000000004:2,0.010262,0.000034,0.007194
1776783396.353916,0000000000000004:3,0.000040,-0.000003,0.000028
1776783396.359708,0000000000000003:1,0.000040,-0.000000,0.000028
1776783396.359741,0000000000000003:2,0.010145,-0.000120,0.007102
1776783396.558163,0000000000000001:1,0.010251,0.000012,0.007179
1776783396.558221,0000000000000001:2,0.996218,-0.001901,0.697352
1776783396.558243,0000000000000001:3,0.013619,0.000030,0.009542
1776783397.354096,0000000000000002:1,0.010225,-0.000040,0.007158
1776783397.354155,0000000000000002:2,0.502472,0.004866,0.353190
1776783397.355051,0000000000000003:1,0.000044,0.000004,0.000032
1776783397.355078,0000000000000003:2,0.010326,0.000181,0.007283
1776783397.359637,0000000000000004:1,0.681106,0.001243,0.477147
1776783397.359669,0000000000000004:2,0.010232,-0.000030,0.007163
1776783397.359688,0000000000000004:3,0.000040,-0.000000,0.000028
1776783397.579587,0000000000000001:1,0.010043,-0.000208,0.007030
1776783397.579645,0000000000000001:2,0.985479,-0.010738,0.689835
1776783397.579667,0000000000000001:3,0.013421,-0.000198,0.009395
1776783398.361047,0000000000000002:1,0.010227,0.000002,0.007160
1776783398.361102,0000000000000002:2,0.499580,-0.002892,0.349706
1776783398.367000,0000000000000004:1,0.680310,-0.000796,0.476217
1776783398.367033,0000000000000004:2,0.010223,-0.000009,0.007156
1776783398.367053,0000000000000004:3,0.000037,-0.000003,0.000026
1776783398.367179,0000000000000003:1,0.000033,-0.000011,0.000023
1776783398.367204,0000000000000003:2,0.010168,-0.000158,0.007118
1776783398.590865,0000000000000001:1,0.010200,0.000157,0.007187
1776783398.590922,0000000000000001:2,0.994882,0.009403,0.699238
1776783398.590942,0000000000000001:3,0.013560,0.000139,0.009534
1776783399.366900,0000000000000002:1,0.009914,-0.000313,0.006940
1776783399.366958,0000000000000002:2,0.500241,0.000661,0.350367
1776783399.368060,0000000000000003:1,0.000044,0.000010,0.000034
1776783399.368087,0000000000000003:2,0.009947,-0.000221,0.006963
1776783399.372741,0000000000000004:1,0.679455,-0.000855,0.475618
1776783399.372773,0000000000000004:2,0.009916,-0.000308,0.006941
1776783399.372795,0000000000000004:3,0.000040,0.000003,0.000029
1776783399.585616,0000000000000001:1,0.010096,-0.000104,0.007067
1776783399.585672,0000000000000001:2,1.000000,0.005118,0.701535
1776783399.585693,0000000000000001:3,0.013353,-0.000207,0.009347
1776783400.371171,0000000000000002:1,0.010158,0.000243,0.007183
1776783400.371226,0000000000000002:2,0.500072,-0.000169,0.350050
1776783400.371727,0000000000000004:1,0.683521,0.004066,0.479684
1776783400.371755,0000000000000004:2,0.010211,0.000296,0.007237
1776783400.371773,0000000000000004:3,0.000027,-0.000013,0.000019
1776783400.377350,0000000000000003:1,0.000027,-0.000017,0.000019
1776783400.377382,0000000000000003:2,0.010097,0.000150,0.007113
1776783400.588898,0000000000000001:1,0.010171,0.000075,0.007142
1776783400.588962,0000000000000001:2,1.000000,0.000000,0.700000
1776783400.588984,0000000000000001:3,0.013539,0.000186,0.009533
1776783401.374069,0000000000000002:1,0.010017,-0.000140,0.007012
1776783401.374124,0000000000000002:2,0.499794,-0.000278,0.349856
1776783401.375057,0000000000000003:1,0.000017,-0.000010,0.000012
1776783401.375096,0000000000000003:2,0.010059,-0.000038,0.007042
1776783401.379861,0000000000000004:1,0.676521,-0.006999,0.473565
1776783401.379906,0000000000000004:2,0.009965,-0.000246,0.006976
1776783401.379929,0000000000000004:3,0.000017,-0.000010,0.000012
1776783401.596252,0000000000000001:1,0.009970,-0.000201,0.006979
1776783401.596312,0000000000000001:2,0.996354,-0.003646,0.697447
1776783401.596333,0000000000000001:3,0.013280,-0.000259,0.009296
1776783402.377842,0000000000000002:1,0.010076,0.000058,0.007070
1776783402.377895,0000000000000002:2,0.500075,0.000281,0.350137
1776783402.378357,0000000000000004:1,0.683762,0.007241,0.480806
1776783402.378384,0000000000000004:2,0.010116,0.000150,0.007126
1776783402.378403,0000000000000004:3,0.000020,0.000004,0.000015
1776783402.379016,0000000000000003:1,0.000020,0.000003,0.000015
1776783402.379043,0000000000000003:2,0.009997,-0.000062,0.006998
1776783402.600467,0000000000000001:1,0.010004,0.000035,0.007013
1776783402.600527,0000000000000001:2,0.998998,0.002644,0.700091
1776783402.600548,0000000000000001:3,0.013335,0.000055,0.009351
1776783403.383619,0000000000000002:1,0.010076,-0.000000,0.007053
1776783403.383674,0000000000000002:2,0.499792,-0.000284,0.349854
1776783403.384778,0000000000000003:1,0.000023,0.000003,0.000017
1776783403.384805,0000000000000003:2,0.010132,0.000136,0.007133
1776783403.389456,0000000000000004:1,0.676251,-0.007511,0.473376
1776783403.389488,0000000000000004:2,0.010036,-0.000080,0.007025
1776783403.389507,0000000000000004:3,0.000023,0.000003,0.000017
1776783403.607652,0000000000000001:1,0.010132,0.000127,0.007130
1776783403.607710,0000000000000001:2,0.998899,-0.000099,0.699229
1776783403.607731,0000000000000001:3,0.013482,0.000148,0.009482
1776783404.387062,0000000000000002:1,0.010046,-0.000029,0.007032
1776783404.387119,0000000000000002:2,0.267619,-0.232172,0.187334
1776783404.387690,0000000000000004:1,0.375874,-0.300377,0.263112
1776783404.387717,0000000000000004:2,0.010102,0.000066,0.007091
1776783404.387735,0000000000000004:3,0.000044,0.000020,0.000037
1776783404.391405,0000000000000003:1,0.000043,0.000020,0.000036
1776783404.391442,0000000000000003:2,0.009890,-0.000242,0.006923
1776783404.611693,0000000000000001:1,0.009963,-0.000168,0.006974
1776783404.611753,0000000000000001:2,0.532545,-0.466354,0.372782
1776783404.611775,0000000000000001:3,0.013176,-0.000306,0.009223
1776783405.393533,0000000000000002:1,0.009999,-0.000048,0.006999
1776783405.393587,0000000000000002:2,0.000100,-0.267519,0.000070
1776783405.398684,0000000000000003:1,0.000110,0.000067,0.000097
1776783405.398716,0000000000000003:2,0.010024,0.000134,0.007057
1776783405.399475,0000000000000004:1,0.013412,-0.362462,0.009388
1776783405.399513,0000000000000004:2,0.009943,-0.000160,0.006960
1776783405.399532,0000000000000004:3,0.000110,0.000066,0.000096
1776783405.639395,0000000000000001:1,0.009982,0.000018,0.006993
1776783405.639472,0000000000000001:2,0.000196,-0.532349,0.000137
1776783405.639493,0000000000000001:3,0.013204,0.000028,0.009251
1776783406.412857,0000000000000002:1,0.009863,-0.000136,0.006904
1776783406.412924,0000000000000002:2,0.000158,0.000058,0.000128
1776783406.413624,0000000000000004:1,0.013385,-0.000027,0.009369
1776783406.413652,0000000000000004:2,0.009913,-0.000030,0.006939
1776783406.413671,0000000000000004:3,0.000172,0.000063,0.000139
1776783406.423448,0000000000000003:1,0.000167,0.000057,0.000134
1776783406.423492,0000000000000003:2,0.009758,-0.000266,0.006830
1776783406.643953,0000000000000001:1,0.010068,0.000086,0.007073
1776783406.644010,0000000000000001:2,0.000321,0.000125,0.000262
1776783406.644031,0000000000000001:3,0.013308,0.000104,0.009347
1776783407.400688,0000000000000002:1,0.009956,0.000093,0.006997
1776783407.400743,0000000000000002:2,0.000224,0.000066,0.000177
1776783407.401078,0000000000000004:1,0.013565,0.000180,0.009550
1776783407.401104,0000000000000004:2,0.009963,0.000050,0.006989
1776783407.401123,0000000000000004:3,0.000231,0.000059,0.000180
1776783407.414849,0000000000000003:1,0.000234,0.000067,0.000184
1776783407.414881,0000000000000003:2,0.009930,0.000173,0.007003
1776783407.629450,0000000000000001:1,0.010286,0.000219,0.007266
1776783407.629523,0000000000000001:2,0.000450,0.000129,0.000354
1776783407.629545,0000000000000001:3,0.013369,0.000061,0.009377
1776783408.407009,0000000000000002:1,0.009977,0.000021,0.006990
1776783408.407063,0000000000000002:2,0.000280,0.000056,0.000213
1776783408.411761,0000000000000004:1,0.013639,0.000074,0.009570
1776783408.411792,0000000000000004:2,0.009934,-0.000030,0.006953
1776783408.411813,0000000000000004:3,0.000289,0.000058,0.000220
1776783408.416401,0000000000000003:1,0.000292,0.000058,0.000222
1776783408.416432,0000000000000003:2,0.010048,0.000117,0.007069
1776783408.638564,0000000000000001:1,0.010219,-0.000068,0.007153
1776783408.638621,0000000000000001:2,0.000559,0.000109,0.000424
1776783408.638642,0000000000000001:3,0.013279,-0.000090,0.009295
1776783409.410981,0000000000000002:1,0.009943,-0.000034,0.006960
1776783409.411037,0000000000000002:2,0.000341,0.000061,0.000257
1776783409.411509,0000000000000004:1,0.013721,0.000082,0.009629
1776783409.411535,0000000000000004:2,0.009985,0.000052,0.007005
1776783409.411556,0000000000000004:3,0.000353,0.000064,0.000266
1776783409.427232,0000000000000003:1,0.000349,0.000057,0.000261
1776783409.427265,0000000000000003:2,0.009866,-0.000182,0.006906
1776783409.642819,0000000000000001:1,0.010268,0.000049,0.007203
1776783409.642876,0000000000000001:2,0.000683,0.000123,0.000515
1776783409.642897,0000000000000001:3,0.013263,-0.000016,0.009284
1776783410.417008,0000000000000002:1,0.009916,-0.000027,0.006941
1776783410.417065,0000000000000002:2,0.000397,0.000056,0.000295
1776783410.422975,0000000000000004:1,0.013735,0.000014,0.009619
1776783410.423008,0000000000000004:2,0.009859,-0.000126,0.006902
1776783410.423027,0000000000000004:3,0.000409,0.000056,0.000303
1776783410.437186,0000000000000003:1,0.000399,0.000050,0.000295
1776783410.437219,0000000000000003:2,0.009874,0.000009,0.006915
1776783410.653762,0000000000000001:1,0.010204,-0.000065,0.007142
1776783410.653821,0000000000000001:2,0.000798,0.000115,0.000593
1776783410.653842,0000000000000001:3,0.013157,-0.000106,0.009210
1776783411.424789,0000000000000002:1,0.009579,-0.000337,0.006705
1776783411.424849,0000000000000002:2,0.000453,0.000056,0.000334
1776783411.434616,0000000000000004:1,0.013312,-0.000423,0.009318
1776783411.434648,0000000000000004:2,0.009552,-0.000307,0.006687
1776783411.434670,0000000000000004:3,0.000448,0.000040,0.000326
1776783411.444394,0000000000000003:1,0.000427,0.000028,0.000307
1776783411.444427,0000000000000003:2,0.009611,-0.000263,0.006728
1776783411.656435,0000000000000001:1,0.010123,-0.000080,0.007086
1776783411.656507,0000000000000001:2,0.000911,0.000114,0.000672
1776783411.656527,0000000000000001:3,0.012859,-0.000298,0.009001
1776783412.431201,0000000000000002:1,0.009715,0.000137,0.006842
1776783412.431256,0000000000000002:2,0.000487,0.000034,0.000351
1776783412.433503,0000000000000004:1,0.013621,0.000309,0.009627
1776783412.433531,0000000000000004:2,0.009802,0.000250,0.006936
1776783412.433550,0000000000000004:3,0.000484,0.000036,0.000350
1776783412.447691,0000000000000003:1,0.000482,0.000055,0.000354
1776783412.447724,0000000000000003:2,0.009752,0.000141,0.006869
1776783412.675685,0000000000000001:1,0.010068,-0.000056,0.007047
1776783412.675741,0000000000000001:2,0.000976,0.000064,0.000702
1776783412.675762,0000000000000001:3,0.012804,-0.000055,0.008963
1776783413.434596,0000000000000002:1,0.009765,0.000049,0.006850
1776783413.434661,0000000000000002:2,0.000526,0.000038,0.000380
1776783413.445663,0000000000000004:1,0.013659,0.000038,0.009573
1776783413.445725,0000000000000004:2,0.009673,-0.000129,0.006771
1776783413.445753,0000000000000004:3,0.000538,0.000053,0.000392
1776783413.472641,0000000000000003:1,0.000525,0.000042,0.000380
1776783413.472703,0000000000000003:2,0.009549,-0.000203,0.006684
1776783413.685244,0000000000000001:1,0.010164,0.000097,0.007144
1776783413.685305,0000000000000001:2,0.001045,0.000069,0.000752
1776783413.685333,0000000000000001:3,0.012931,0.000127,0.009090
1776783414.443208,0000000000000002:1,0.009304,-0.000460,0.006513
1776783414.443283,0000000000000002:2,0.000556,0.000031,0.000399
1776783414.452238,0000000000000004:1,0.013165,-0.000494,0.009216
1776783414.452272,0000000000000004:2,0.009327,-0.000346,0.006529
1776783414.452295,0000000000000004:3,0.000561,0.000023,0.000399
1776783414.467579,0000000000000003:1,0.000594,0.000070,0.000437
1776783414.467613,0000000000000003:2,0.009402,-0.000147,0.006581
1776783414.684973,0000000000000001:1,0.009995,-0.000169,0.006997
1776783414.685036,0000000000000001:2,0.001116,0.000071,0.000802
1776783414.685058,0000000000000001:3,0.012552,-0.000379,0.008786
1776783415.448958,0000000000000002:1,0.009368,0.000063,0.006576
1776783415.449020,0000000000000002:2,0.000631,0.000075,0.000465
1776783415.459389,0000000000000004:1,0.013300,0.000135,0.009351
1776783415.459460,0000000000000004:2,0.009348,0.000021,0.006550
1776783415.459482,0000000000000004:3,0.000647,0.000086,0.000479
1776783415.474667,0000000000000003:1,0.000624,0.000030,0.000446
1776783415.474723,0000000000000003:2,0.009362,-0.000040,0.006553
1776783415.692986,0000000000000001:1,0.009910,-0.000085,0.006937
1776783415.693044,0000000000000001:2,0.001260,0.000144,0.000925
1776783415.693065,0000000000000001:3,0.012467,-0.000085,0.008727
